('xdc' 'xdc' 'xdc'),318
('fixed' 'income' 'markets'),265
('us' 'fixed' 'income'),264
('xed' 'xa2' 'xe4'),191
('global' 'data' 'watch'),189
('analyst' 'focus' 'list'),178
('european' 'high' 'yield'),138
('xa2' 'xe4' 'xe5'),131
('xed' 'xe4' 'xed'),129
('gbi' 'em' 'global'),129
('income' 'markets' 'weekly'),126
('intra' 'day' 'trader'),123
('14' 'first' 'market'),116
('early' 'look' 'market'),116
('global' 'fixed' 'income'),111
('14' 'intra' 'day'),109
('14' 'early' 'look'),108
('emerging' 'markets' 'bond'),108
('x8c' 'xa2' 'xed'),107
('xe4' 'xed' 'x8c'),106
('fair' 'value' 'model'),98
('xed' 'x8c' 'xa2'),98
('xed' 'x8c' 'xed'),97
('markets' 'bond' 'index'),95
('xed' 'xa8' 'xed'),92
('year' 'ahead' '2014'),90
('fixed' 'income' 'weekly'),88
('markets' 'outlook' 'strategy'),87
('embi' 'global' 'diversified'),84
('x8c' 'xe5' 'xed'),82
('fixed' 'income' 'market'),81
('bond' 'index' 'monitor'),80
('em' 'global' 'diversified'),79
('emerging' 'markets' 'outlook'),78
('local' 'markets' 'guide'),77
('non' 'agency' 'rmbs'),76
('focus' 'list' 'us'),74
('emerging' 'markets' 'corporate'),74
('high' 'yield' 'bond'),70
('xa2' 'xed' 'xa2'),67
('x8c' 'xed' 'x8c'),66
('em' 'fixed' 'income'),66
('commercial' 'real' 'estate'),65
('equity' 'analyst' 'focus'),65
('morgan' 'early' 'look'),65
('xe4' 'xe5' 'x81'),65
('index' 'jp' 'morgan'),65
('us' 'high' 'yield'),64
('government' 'bond' 'index'),62
('xa8' 'xed' 'x8c'),62
('weekly' 'fixed' 'income'),60
('xa2' 'xe4' 'x8c'),60
('xdc' 'x82' 'xdc'),59
('x8c' 'xa3' 'xed'),58
('high' 'yield' 'index'),57
('high' 'yield' 'market'),56
('xed' 'x8c' 'xa3'),55
('high' 'yield' 'leveraged'),55
('fixed' 'income' 'outlook'),54
('market' 'outlook' 'strategy'),54
('xed' 'xa3' 'xa8'),54
('xdc' 'xbf' 'xdc'),54
('term' 'fair' 'value'),54
('weekly' 'us' 'fixed'),54
('long' 'term' 'fair'),53
('market' 'early' 'look'),52
('bond' 'cds' 'basis'),51
('global' 'economic' 'outlook'),51
('xe4' 'x8c' 'xe5'),50
('treasury' 'client' 'survey'),50
('xdc' 'xc8' 'xdc'),50
('equity' 'focus' 'list'),49
('morgan' 'view' 'morgan'),48
('abs' 'cdo' 'weekly'),48
('xe4' 'xe5' 'xe4'),48
('focus' 'list' 'equity'),47
('xdc' 'xdc' 'xbf'),47
('high' 'yield' 'fund'),47
('jp' 'morgan' 'view'),46
('yield' 'leveraged' 'loan'),45
('x81' 'xe7' 'xed'),45
('high' 'yield' 'default'),44
('xe5' 'x81' 'xe7'),44
('emerging' 'market' 'bond'),44
('abs' 'weekly' 'datasheet'),44
('jp' 'morgan' 'global'),43
('global' 'markets' 'outlook'),43
('global' 'abs' 'cdo'),43
('xed' 'xa3' 'xe4'),42
('monitor' 'high' 'yield'),42
('outlook' 'latin' 'america'),42
('corporate' 'focus' 'list'),42
('look' 'back' 'market'),42
('investment' 'strategies' 'investment'),41
('international' 'abs' 'weekly'),41
('look' 'market' 'early'),41
('securitized' 'products' 'weekly'),40
('weekly' 'market' 'snapshot'),40
('fixed' 'income' 'regulatory'),40
('high' 'grade' 'bond'),40
('master' 'limited' 'partnerships'),40
('leveraged' 'loan' 'index'),40
('emea' 'em' 'local'),39
('emerging' 'market' 'debt'),39
('em' 'local' 'markets'),38
('strategies' 'investment' 'strategies'),38
('strategy' 'emerging' 'markets'),38
('em' 'local' 'market'),38
('global' 'high' 'yield'),38
('2013' 'embi' 'monitor'),38
('shadow' 'banking' 'china'),38
('fixed' 'income' 'strategy'),37
('x8c' 'xed' 'xa3'),37
('view' 'morgan' 'view'),37
('xe4' 'xe4' 'xe4'),36
('xa3' 'xa8' 'x8c'),36
('list' 'us' 'equity'),36
('pricing' 'analytics' 'package'),36
('xdc' 'xa2' 'xdc'),36
('mbs' 'pricing' 'analytics'),36
('xe5' 'xed' 'x8c'),35
('fixed' 'income' 'flows'),35
('emerging' 'markets' 'debt'),35
('money' 'market' 'fund'),35
('outlook' '2014' 'global'),35
('2014' 'year' 'ahead'),34
('000' '000' '000'),34
('early' 'look' 'early'),34
('jp' 'morgan' 'early'),34
('european' 'high' 'grade'),34
('x8c' 'xab' 'xed'),34
('analysts' 'focus' 'list'),33
('local' 'market' 'bond'),33
('xdc' 'xa3' 'xdc'),33
('morgan' 'emerging' 'markets'),33
('outlook' 'strategy' 'emerging'),33
('short' 'term' 'market'),33
('2014' 'embi' 'monitor'),33
('mortgage' 'backed' 'securities'),33
('outlook' '2014' 'us'),33
('emerging' 'market' 'corporate'),33
('high' 'grade' 'credit'),33
('cross' 'currency' 'basis'),33
('cdo' 'weekly' 'market'),33
('small' 'mid' 'cap'),32
('bond' 'index' 'global'),32
('interest' 'rate' 'derivatives'),32
('xe7' 'xed' 'x8c'),32
('us' 'high' 'grade'),32
('cembi' 'broad' 'diversified'),32
('x82' 'xdc' 'xdc'),32
('equity' 'derivatives' 'weekly'),32
('term' 'fixed' 'income'),32
('global' 'diversified' 'index'),31
('euro' 'area' 'inflation'),31
('xdc' 'xdc' 'x82'),31
('short' 'term' 'fixed'),31
('jaci' 'daily' 'composition'),31
('equity' 'risk' 'premium'),31
('xc8' 'xdc' 'xdc'),31
('non' 'agency' 'mbs'),31
('yield' 'fund' 'flows'),31
('market' 'bond' 'index'),31
('2014' 'emerging' 'markets'),31
('value' 'model' 'us'),30
('xed' 'x8c' 'xab'),30
('high' 'yield' 'credit'),30
('corporate' 'bond' 'market'),30
('look' 'early' 'look'),30
('credit' 'outlook' 'strategy'),30
('systematic' 'strategies' 'across'),30
('local' 'market' 'guide'),30
('income' 'regulatory' 'update'),29
('rock' 'bottom' 'spread'),29
('equity' 'risk' 'premia'),29
('index' 'emerging' 'markets'),29
('xa3' 'xe4' 'x8c'),29
('total' 'return' 'swap'),29
('diversified' 'gbi' 'em'),29
('xa3' 'xed' 'xe4'),29
('index' 'monitor' 'emerging'),29
('long' 'term' 'capital'),29
('china' 'shadow' 'banking'),29
('xdc' 'xa9' 'xdc'),28
('economic' 'outlook' '2014'),28
('emerging' 'equity' 'markets'),28
('near' 'term' 'ideas'),28
('weighing' 'long' 'term'),28
('jp' 'morgan' 'gbi'),28
('china' 'real' 'estate'),28
('income' 'markets' '2014'),28
('data' 'watch' 'global'),28
('global' 'etf' 'handbook'),28
('us' 'equity' 'strategy'),28
('us' 'auto' 'sales'),27
('outlook' 'fixed' 'income'),27
('emerging' 'markets' 'equity'),27
('xdc' 'x81' 'xac'),27
('xe4' 'xe5' 'x8c'),27
('xa9' 'xdc' 'xdc'),27
('first' 'market' '07'),27
('xdc' 'xe5' 'xdc'),27
('global' 'manufacturing' 'pmi'),27
('across' 'asset' 'classes'),27
('xaa' 'x81' 'xaa'),27
('us' 'equity' 'analyst'),27
('emerging' 'market' 'outlook'),27
('effective' 'exchange' 'rate'),27
('asia' 'pacific' 'equity'),27
('morgan' 'healthcare' 'conference'),27
('2014' 'country' 'handbook'),27
('asset' 'backed' 'securities'),26
('european' 'equity' 'derivatives'),26
('liquidity' 'coverage' 'ratio'),26
('asia' 'ex' 'japan'),26
('global' 'fx' 'strategy'),26
('asset' 'quality' 'review'),26
('euro' 'stoxx' '50'),26
('xe7' 'xed' 'xe4'),26
('xa2' 'xed' 'x8c'),26
('cds' 'basis' 'report'),26
('gbi' 'em' 'index'),26
('xdc' 'x81' 'xdc'),26
('economic' 'outlook' 'summary'),26
('market' 'snapshot' 'global'),26
('global' 'oil' 'gas'),26
('jpm' 'high' 'yield'),26
('term' 'market' 'outlook'),26
('cross' 'asset' 'volatility'),26
('xed' 'x8c' 'xe5'),26
('view' 'jp' 'morgan'),26
('markets' 'weekly' 'us'),26
('latin' 'america' 'economic'),26
('xa3' 'xdc' 'xdc'),25
('fund' 'flow' 'weekly'),25
('equity' 'analysts' 'focus'),25
('economic' 'calendar' '2014'),25
('outlook' 'us' 'fixed'),25
('high' 'yield' 'companies'),25
('outlook' 'high' 'yield'),25
('outlook' 'emerging' 'markets'),25
('outlook' 'strategy' '2014'),25
('european' 'insurance' 'numbers'),25
('outlook' 'strategy' 'global'),25
('week' 'ahead' 'high'),25
('new' 'jaci' 'daily'),25
('emerging' 'markets' 'currency'),25
('credit' 'strategy' 'weekly'),25
('great' 'rotation' 'myth'),25
('latin' 'america' 'caribbean'),25
('instrument' 'level' 'composition'),24
('x8c' 'xed' 'xa8'),24
('morgan' 'view' 'jp'),24
('yield' 'market' 'monitor'),24
('research' 'content' 'gps'),24
('xdc' 'x87' 'xdc'),24
('economic' 'activity' 'surprise'),24
('monitor' 'emerging' 'markets'),24
('credit' 'market' 'outlook'),24
('embi' 'monitor' 'embi'),24
('european' 'credit' 'outlook'),24
('monthly' 'tire' 'review'),24
('fixed' 'income' '2014'),24
('developed' 'markets' 'index'),24
('economics' 'wireless' 'data'),24
('jp' 'morgan' 'emerging'),24
('xed' 'x8c' 'x9f'),24
('effective' 'exchange' 'rates'),24
('embi' 'monitor' 'december'),24
('com' 'research' 'content'),24
('fx' 'fair' 'value'),23
('x8c' 'xe7' 'xed'),23
('jpmm' 'com' 'research'),23
('emea' 'market' 'intelligence'),23
('property' 'monthly' 'wrap'),23
('non' 'bank' 'financials'),23
('bond' 'index' 'emerging'),23
('international' 'abs' 'cb'),23
('markets' 'fixed' 'income'),23
('hong' 'kong' 'property'),23
('xe5' 'xdc' 'xdc'),23
('xdc' 'x90' 'xdc'),23
('fx' 'daily' 'planet'),23
('markets' 'corporate' 'focus'),23
('x81' 'xaa' 'x81'),23
('pacific' 'ex' 'japan'),23
('index' 'embi' 'global'),23
('high' 'yield' 'high'),23
('activity' 'surprise' 'index'),23
('oil' 'services' 'equipment'),23
('xa8' 'x8c' 'xed'),23
('aggregate' 'bond' 'index'),22
('https' 'jpmm' 'com'),22
('xdc' 'xdc' 'xa9'),22
('markets' 'index' 'monitor'),22
('high' 'yield' 'spread'),22
('master' 'limited' 'partnership'),22
('fund' 'flows' 'weekly'),22
('market' 'look' 'back'),22
('2013' 'emerging' 'markets'),22
('tactical' 'asset' 'allocation'),22
('index' 'gbi' 'em'),22
('strategies' 'across' 'asset'),22
('leveraged' 'loan' 'market'),22
('key' 'trades' 'risks'),22
('weekly' 'high' 'yield'),22
('asia' 'pacific' 'ex'),22
('term' 'capital' 'market'),22
('em' 'corporate' 'weekly'),22
('real' 'estate' 'investment'),22
('global' 'aggregate' 'bond'),22
('us' 'interest' 'rate'),22
('2014' 'fixed' 'income'),22
('japan' 'monthly' 'wrap'),22
('model' 'us' 'bonds'),22
('global' 'developed' 'markets'),22
('first' 'market' '09'),21
('global' 'asset' 'allocation'),21
('xdc' 'xdc' 'xc8'),21
('early' 'look' '01'),21
('emerging' 'market' 'equity'),21
('markets' 'weekly' 'fixed'),21
('outlook' 'high' 'grade'),21
('global' 'bond' 'index'),21
('equity' 'near' 'term'),21
('xdc' 'xdc' 'xa3'),21
('year' 'ahead' '2013'),21
('large' 'cap' 'banks'),21
('interest' 'rate' 'forecast'),21
('china' 'hong' 'kong'),21
('first' 'market' '10'),21
('factor' 'reference' 'book'),21
('australia' 'new' 'zealand'),21
('xdc' 'xe9' 'xdc'),21
('guide' 'markets' 'guide'),21
('index' 'emerging' 'market'),21
('fx' 'markets' 'weekly'),21
('market' 'monitor' 'high'),21
('long' 'term' 'interest'),21
('global' 'real' 'estate'),21
('10' 'year' 'treasury'),21
('prime' 'money' 'market'),21
('2014' 'high' 'yield'),21
('china' 'monthly' 'wrap'),21
('x8c' 'x9f' 'xed'),21
('european' 'capital' 'goods'),21
('bond' 'market' 'liquidity'),21
('balance' 'sheet' 'sovereign'),21
('rotation' 'myth' 'reality'),21
('101' 'country' 'handbook'),20
('agency' 'rmbs' 'commentary'),20
('high' 'yield' 'outlook'),20
('mid' 'small' 'cap'),20
('weekly' 'international' 'abs'),20
('europe' 'high' 'yield'),20
('global' 'pmi' 'trading'),20
('markets' 'currency' 'index'),20
('oil' 'gas' 'oil'),20
('primer' 'interest' 'rate'),20
('using' 'global' 'pmi'),20
('us' 'weekly' 'prospects'),20
('commodity' 'markets' 'outlook'),20
('basel' 'leverage' 'ratio'),20
('best' 'equity' 'near'),20
('mid' 'year' 'outlook'),20
('monitor' 'embi' 'monitor'),20
('hawk' 'dove' 'chart'),20
('free' 'cash' 'flow'),20
('watch' 'global' 'data'),20
('market' 'fixed' 'income'),20
('us' 'treasury' 'technical'),20
('gbi' 'em' 'broad'),20
('xbf' 'xdc' 'xdc'),20
('asia' 'macro' 'strategy'),20
('us' 'corporate' 'bond'),20
('euro' 'area' 'growth'),20
('yield' 'high' 'yield'),20
('xed' 'x8c' 'xc2'),20
('sub' 'saharan' 'africa'),20
('global' 'diversified' 'gbi'),19
('first' 'market' '08'),19
('high' 'yield' 'weekly'),19
('morgan' 'long' 'term'),19
('income' 'market' 'weekly'),19
('developed' 'markets' 'strategy'),19
('europe' 'middle' 'east'),19
('chapter' 'chapter' '11'),19
('xed' 'x8c' 'xe7'),19
('2014' 'outlook' 'us'),19
('morgan' 'gbi' 'em'),19
('framework' 'credit' 'equity'),19
('income' 'markets' 'outlook'),19
('small' 'cap' 'banks'),19
('banks' 'non' 'bank'),19
('small' 'mid' 'caps'),19
('markets' '2014' 'outlook'),19
('high' 'grade' 'fund'),19
('hedge' 'fund' 'trends'),19
('asia' 'credit' 'analytics'),19
('gas' 'oil' 'gas'),19
('fixed' 'income' 'us'),19
('look' 'week' 'ahead'),19
('mid' 'year' '2014'),19
('high' 'yield' 'daily'),19
('xe4' 'x9d' 'xe4'),19
('bank' 'balance' 'sheet'),19
('non' 'performing' 'loans'),19
('high' 'yield' 'conference'),19
('book' 'questions' 'management'),19
('asia' 'fund' 'flow'),19
('markets' 'year' 'ahead'),19
('xa2' 'xdc' 'xdc'),19
('x8c' 'xed' 'xe4'),19
('liquidity' 'flows' 'liquidity'),19
('ahead' 'high' 'yield'),19
('abs' 'cb' 'weekly'),19
('high' 'yield' 'european'),19
('early' 'look' '02'),19
('us' 'analyst' 'focus'),19
('trading' 'desk' 'commentary'),19
('risk' 'factor' 'approach'),19
('term' 'interest' 'rates'),19
('leveraged' 'loan' 'morning'),19
('14' 'recap' '02'),19
('us' 'focus' 'list'),18
('mbs' 'credit' 'monthly'),18
('first' 'market' 'first'),18
('first' 'market' '06'),18
('income' 'market' 'update'),18
('outlook' 'global' 'fixed'),18
('emerging' 'market' 'currency'),18
('credit' 'equity' 'trading'),18
('treasury' 'technical' 'default'),18
('early' 'look' '05'),18
('focus' 'list' 'emerging'),18
('ahead' 'year' 'ahead'),18
('income' 'flows' 'weekly'),18
('back' 'market' 'look'),18
('fed' 'balance' 'sheet'),18
('strategy' 'us' 'equity'),18
('x8c' 'xc2' 'xed'),18
('asia' 'oil' 'gas'),18
('euro' 'high' 'yield'),18
('2014' 'us' 'fixed'),18
('us' 'year' 'ahead'),18
('xdc' 'xc2' 'xdc'),18
('middle' 'east' 'africa'),18
('us' 'economic' 'outlook'),18
('emerging' 'markets' 'developed'),18
('business' 'jet' 'monthly'),18
('flows' 'liquidity' 'flows'),18
('day' 'trader' '02'),18
('equity' 'year' 'ahead'),18
('weekly' 'global' 'fixed'),18
('focus' 'list' 'analyst'),18
('update' 'european' 'high'),18
('global' 'emerging' 'markets'),18
('key' 'emerging' 'markets'),18
('asia' 'year' 'ahead'),17
('banking' 'china' 'shadow'),17
('myth' 'reality' 'great'),17
('client' 'survey' 'us'),17
('sheet' 'sovereign' 'exposure'),17
('key' 'currency' 'views'),17
('singapore' 'property' 'monthly'),17
('morgan' 'embi' 'global'),17
('futures' 'options' 'package'),17
('bond' 'index' 'jpm'),17
('flows' 'weekly' 'em'),17
('outlook' '2014' 'outlook'),17
('client' 'survey' 'treasury'),17
('early' 'look' '03'),17
('mexico' 'energy' 'reform'),17
('asset' 'class' 'em'),17
('pmi' 'trading' 'signal'),17
('name' 'name' 'name'),17
('xe5' 'xed' 'xe4'),17
('2014' 'global' 'economic'),17
('exchange' 'traded' 'funds'),17
('year' 'ahead' 'year'),17
('emerging' 'markets' 'strategy'),17
('affordable' 'care' 'act'),17
('bond' 'futures' 'rollover'),17
('korea' 'monthly' 'wrap'),17
('hong' 'kong' 'daily'),17
('markets' 'guide' 'markets'),17
('indonesia' 'monthly' 'wrap'),17
('malaysia' 'monthly' 'wrap'),17
('hypo' 'alpe' 'adria'),17
('xe4' 'xa2' 'xed'),17
('snapshot' 'global' 'abs'),17
('strategy' 'global' 'markets'),17
('trading' 'rich' 'cheap'),17
('latin' 'america' 'corporate'),17
('credit' 'analyst' 'focus'),17
('loan' 'market' 'monitor'),17
('high' 'yield' 'us'),17
('macro' 'credit' 'equity'),17
('datasheet' 'international' 'abs'),16
('income' 'fixed' 'income'),16
