('xdc' 'xdc' 'xdc' 'xdc'),155
('xed' 'xa2' 'xe4' 'xe5'),131
('fixed' 'income' 'markets' 'weekly'),122
('14' 'intra' 'day' 'trader'),109
('us' 'fixed' 'income' 'markets'),107
('xed' 'xe4' 'xed' 'x8c'),104
('xed' 'x8c' 'xa2' 'xed'),98
('emerging' 'markets' 'bond' 'index'),84
('gbi' 'em' 'global' 'diversified'),75
('xa2' 'xed' 'xa2' 'xe4'),67
('x8c' 'xa2' 'xed' 'xa2'),66
('xa2' 'xe4' 'xe5' 'x81'),63
('xed' 'xa8' 'xed' 'x8c'),61
('xed' 'xa2' 'xe4' 'x8c'),60
('xed' 'x8c' 'xa3' 'xed'),55
('xed' 'x8c' 'xed' 'x8c'),53
('xa2' 'xe4' 'x8c' 'xe5'),50
('xe4' 'x8c' 'xe5' 'xed'),50
('weekly' 'us' 'fixed' 'income'),49
('global' 'fixed' 'income' 'markets'),48
('long' 'term' 'fair' 'value'),48
('equity' 'analyst' 'focus' 'list'),47
('xe4' 'xe5' 'x81' 'xe7'),44
('xe5' 'x81' 'xe7' 'xed'),44
('morgan' 'early' 'look' 'market'),42
('high' 'yield' 'leveraged' 'loan'),42
('xdc' 'xdc' 'xbf' 'xdc'),42
('markets' 'bond' 'index' 'monitor'),41
('early' 'look' 'market' 'early'),39
('investment' 'strategies' 'investment' 'strategies'),37
('xa2' 'xe4' 'xe5' 'xe4'),37
('xe4' 'xed' 'x8c' 'xed'),36
('xed' 'xa3' 'xa8' 'x8c'),36
('emerging' 'markets' 'outlook' 'strategy'),36
('look' 'market' 'early' 'look'),36
('x8c' 'xe5' 'xed' 'x8c'),35
('xe4' 'xe4' 'xe4' 'xe4'),35
('morgan' 'view' 'morgan' 'view'),34
('analyst' 'focus' 'list' 'us'),32
('000' '000' '000' '000'),32
('xdc' 'x82' 'xdc' 'xdc'),32
('xdc' 'xc8' 'xdc' 'xdc'),31
('short' 'term' 'fixed' 'income'),31
('us' 'fixed' 'income' 'regulatory'),30
('early' 'look' 'early' 'look'),30
('high' 'yield' 'fund' 'flows'),30
('term' 'fair' 'value' 'model'),29
('fair' 'value' 'model' 'us'),29
('abs' 'cdo' 'weekly' 'market'),29
('xed' 'xa3' 'xe4' 'x8c'),29
('x8c' 'xa3' 'xed' 'xe4'),29
('xdc' 'xdc' 'x82' 'xdc'),29
('xed' 'x8c' 'xab' 'xed'),28
('x81' 'xe7' 'xed' 'x8c'),28
('fixed' 'income' 'regulatory' 'update'),28
('xa2' 'xe4' 'xe5' 'x8c'),27
('fixed' 'income' 'markets' '2014'),27
('us' 'fixed' 'income' 'market'),26
('xdc' 'xa9' 'xdc' 'xdc'),26
('xed' 'x8c' 'xe5' 'xed'),26
('em' 'fixed' 'income' 'flows'),26
('emerging' 'market' 'bond' 'index'),26
('xe7' 'xed' 'xe4' 'xed'),26
('focus' 'list' 'us' 'equity'),25
('14' 'first' 'market' '07'),25
('x8c' 'xa2' 'xed' 'x8c'),25
('global' 'markets' 'outlook' 'strategy'),25
('cdo' 'weekly' 'market' 'snapshot'),25
('global' 'abs' 'cdo' 'weekly'),25
('income' 'markets' 'weekly' 'us'),25
('com' 'research' 'content' 'gps'),24
('international' 'abs' 'weekly' 'datasheet'),24
('us' 'equity' 'analyst' 'focus'),24
('xed' 'x8c' 'xed' 'xa8'),24
('global' 'data' 'watch' 'global'),24
('weekly' 'market' 'snapshot' 'global'),24
('markets' 'weekly' 'us' 'fixed'),24
('xdc' 'xa3' 'xdc' 'xdc'),24
('x8c' 'xed' 'xa8' 'xed'),24
('xaa' 'x81' 'xaa' 'x81'),23
('outlook' 'us' 'fixed' 'income'),23
('morgan' 'view' 'jp' 'morgan'),23
('mbs' 'pricing' 'analytics' 'package'),23
('us' 'fixed' 'income' 'weekly'),23
('jp' 'morgan' 'early' 'look'),23
('high' 'yield' 'market' 'monitor'),23
('european' 'high' 'yield' 'companies'),23
('x8c' 'xed' 'xa3' 'xa8'),23
('equity' 'analysts' 'focus' 'list'),23
('xa3' 'xa8' 'x8c' 'xed'),23
('short' 'term' 'market' 'outlook'),22
('asia' 'pacific' 'ex' 'japan'),22
('long' 'term' 'capital' 'market'),22
('jpmm' 'com' 'research' 'content'),22
('x81' 'xaa' 'x81' 'xaa'),22
('em' 'global' 'diversified' 'index'),22
('https' 'jpmm' 'com' 'research'),22
('xdc' 'xdc' 'xdc' 'xbf'),22
('value' 'model' 'us' 'bonds'),22
('economic' 'activity' 'surprise' 'index'),21
('xdc' 'xdc' 'xa9' 'xdc'),21
('xa8' 'x8c' 'xed' 'xa3'),21
('14' 'first' 'market' '10'),21
('xa3' 'xed' 'xe4' 'xed'),21
('bond' 'cds' 'basis' 'report'),21
('income' 'markets' 'weekly' 'fixed'),21
('xa2' 'xed' 'x8c' 'xa2'),21
('xdc' 'xdc' 'xc8' 'xdc'),21
('weekly' 'fixed' 'income' 'markets'),21
('14' 'first' 'market' '09'),21
('xdc' 'xdc' 'xa3' 'xdc'),21
('jp' 'morgan' 'view' 'jp'),21
('outlook' 'strategy' 'emerging' 'markets'),20
('xa8' 'xed' 'x8c' 'xa2'),20
('great' 'rotation' 'myth' 'reality'),20
('strategies' 'across' 'asset' 'classes'),20
('non' 'agency' 'rmbs' 'commentary'),20
('european' 'high' 'yield' 'fund'),20
('14' 'early' 'look' '01'),20
('xdc' 'xe5' 'xdc' 'xdc'),20
('high' 'yield' 'high' 'yield'),20
('markets' 'weekly' 'fixed' 'income'),20
('fixed' 'income' 'markets' 'outlook'),19
('em' 'local' 'markets' 'guide'),19
('14' 'early' 'look' '02'),19
('data' 'watch' 'global' 'data'),19
('xdc' 'xa2' 'xdc' 'xdc'),19
('xdc' 'xbf' 'xdc' 'xdc'),19
('embi' 'monitor' 'embi' 'monitor'),19
('xed' 'x8c' 'xe7' 'xed'),19
('14' 'first' 'market' '08'),19
('markets' 'corporate' 'focus' 'list'),18
('fixed' 'income' 'market' 'weekly'),18
('outlook' 'global' 'fixed' 'income'),18
('14' 'early' 'look' '05'),18
('long' 'term' 'interest' 'rates'),18
('fixed' 'income' 'flows' 'weekly'),18
('xdc' 'xdc' 'xdc' 'x82'),18
('systematic' 'strategies' 'across' 'asset'),18
('xa8' 'xed' 'x8c' 'xa3'),18
('fixed' 'income' 'market' 'update'),18
('using' 'global' 'pmi' 'trading'),18
('em' 'local' 'market' 'bond'),18
('china' 'shadow' 'banking' 'china'),18
('emerging' 'markets' 'currency' 'index'),18
('global' 'aggregate' 'bond' 'index'),18
('intra' 'day' 'trader' '02'),18
('14' 'first' 'market' '06'),18
('term' 'market' 'outlook' 'strategy'),18
('emerging' 'markets' 'corporate' 'focus'),18
('best' 'equity' 'near' 'term'),18
('week' 'ahead' 'high' 'yield'),17
('analysts' 'focus' 'list' 'equity'),17
('oil' 'gas' 'oil' 'gas'),17
('2014' 'us' 'fixed' 'income'),17
('corporate' 'bond' 'market' 'liquidity'),17
('developed' 'markets' 'index' 'monitor'),17
('weighing' 'long' 'term' 'interest'),17
('asia' 'fund' 'flow' 'weekly'),17
('shadow' 'banking' 'china' 'shadow'),17
('emea' 'em' 'local' 'market'),17
('income' 'markets' '2014' 'outlook'),17
('balance' 'sheet' 'sovereign' 'exposure'),17
('x82' 'xdc' 'xdc' 'xdc'),17
('look' 'back' 'market' 'look'),17
('mid' 'small' 'cap' 'banks'),16
('xed' 'x8c' 'x9f' 'xed'),16
('xe7' 'xed' 'x8c' 'xe5'),16
('us' 'analyst' 'focus' 'list'),16
('back' 'market' 'look' 'back'),16
('bond' 'index' 'monitor' 'emerging'),16
('year' 'ahead' 'year' 'ahead'),16
('markets' 'outlook' 'strategy' 'global'),16
('x8c' 'xed' 'x8c' 'xa3'),16
('fixed' 'income' 'fixed' 'income'),16
('jp' 'morgan' 'gbi' 'em'),16
('em' 'global' 'diversified' 'gbi'),16
('emerging' 'markets' 'developed' 'asia'),16
('us' 'corporate' 'bond' 'market'),16
('14' 'early' 'look' '03'),16
('morgan' 'long' 'term' 'fair'),16
('market' 'snapshot' 'global' 'abs'),16
('14' 'early' 'look' '04'),16
('x8c' 'xe5' 'xed' 'xe4'),16
('global' 'diversified' 'gbi' 'em'),16
('sheet' 'sovereign' 'exposure' 'update'),16
('markets' 'outlook' 'strategy' 'emerging'),16
('credit' 'analyst' 'focus' 'list'),15
('equity' 'markets' 'year' 'ahead'),15
('guide' 'markets' 'guide' 'markets'),15
('us' 'fixed' 'income' 'outlook'),15
('jp' 'morgan' 'emerging' 'markets'),15
('diversified' 'gbi' 'em' 'global'),15
('global' 'hedge' 'fund' 'trends'),15
('near' 'term' 'ideas' 'best'),15
('treasury' 'client' 'survey' 'treasury'),15
('xed' 'xa8' 'xed' 'xe4'),15
('rotation' 'myth' 'reality' 'great'),15
('early' 'look' 'market' 'morgan'),15
('name' 'name' 'name' 'name'),15
('latin' 'america' 'caribbean' 'outlook'),15
('xa8' 'xed' 'xa2' 'xe4'),15
('xa8' 'xed' 'xe4' 'xed'),15
('market' 'monitor' 'high' 'yield'),15
('equity' 'near' 'term' 'ideas'),15
('global' 'pmi' 'trading' 'signal'),15
('xed' 'x8c' 'xc2' 'xed'),15
('update' 'european' 'high' 'yield'),15
('x8c' 'xed' 'xe4' 'xed'),15
('xed' 'xa8' 'xed' 'xa2'),15
('morgan' 'gbi' 'em' 'global'),15
('banks' 'non' 'bank' 'financials'),15
('global' 'developed' 'markets' 'strategy'),15
('xed' 'xe4' 'xed' 'xe4'),15
('emerging' 'markets' 'corporate' 'outlook'),15
('intra' 'day' 'trader' '04'),15
('latin' 'america' 'economic' 'outlook'),15
('x8c' 'xab' 'xed' 'x8c'),14
('emerging' 'markets' 'emerging' 'markets'),14
('intra' 'day' 'trader' '03'),14
('focus' 'list' 'equity' 'analysts'),14
('xe5' 'xed' 'xa2' 'xe4'),14
('view' 'jp' 'morgan' 'view'),14
('watch' 'global' 'data' 'watch'),14
('x8c' 'xa3' 'xed' 'xa2'),14
('intra' 'day' 'trader' '01'),14
('global' 'economic' 'outlook' 'summary'),14
('expanded' 'additional' 'em' 'currencies'),14
('xe4' 'xe5' 'xe4' 'xa2'),14
('global' 'data' 'watch' 'handbook'),14
('banking' 'china' 'shadow' 'banking'),14
('xe4' 'x8c' 'xed' 'xa3'),14
('markets' 'developed' 'asia' 'fund'),14
('developed' 'asia' 'fund' 'flow'),14
('emerging' 'equity' 'markets' 'year'),14
('non' 'agency' 'mbs' 'analytics'),14
('xa9' 'xdc' 'xdc' 'xdc'),14
('xdc' 'xdc' 'xdc' 'xc8'),14
('bond' 'index' 'emerging' 'markets'),14
('xa3' 'xed' 'xa2' 'xe4'),14
('x8c' 'xed' 'x8c' 'xed'),14
('flows' 'liquidity' 'flows' 'liquidity'),14
('new' 'jaci' 'daily' 'composition'),14
('x8c' 'xe5' 'xed' 'xa2'),14
('fair' 'value' 'model' 'update'),14
('equity' 'derivatives' 'weekly' 'outlook'),14
('europe' 'middle' 'east' 'africa'),14
('intra' 'day' 'trader' '10'),14
('snapshot' 'global' 'abs' 'cdo'),14
('intra' 'day' 'trader' '05'),14
('fixed' 'income' 'outlook' '2014'),13
('fixed' 'income' 'weekly' 'us'),13
('us' 'treasury' 'technical' 'default'),13
('xed' 'x8c' 'xed' 'xe4'),13
('xa2' 'xed' 'xa8' 'xed'),13
('us' 'equity' 'year' 'ahead'),13
('commodity' 'markets' 'outlook' 'strategy'),13
('q1' '2014' 'quarterly' 'earnings'),13
('european' 'insurance' 'numbers' 'european'),13
('xa3' 'xe4' 'x8c' 'xed'),13
('fixed' 'income' 'weekly' 'fixed'),13
('myth' 'reality' 'great' 'rotation'),13
('us' 'fixed' 'income' 'strategy'),13
('xe5' 'xed' 'x8c' 'xe7'),13
('analyst' 'focus' 'list' 'equity'),13
('strategy' 'global' 'markets' 'outlook'),13
('high' 'grade' 'credit' 'fundamentals'),13
('x8c' 'xa3' 'xed' 'x8c'),13
('fixed' 'income' '2014' 'outlook'),13
('year' 'ahead' '2014' 'year'),13
('xdc' 'x87' 'xdc' 'xdc'),13
('xe5' 'xe4' 'xa2' 'xed'),13
('x8c' 'xed' 'xa3' 'xe4'),13
('x8c' 'xe7' 'xed' 'xe4'),13
('weekly' 'em' 'fixed' 'income'),13
('view' 'morgan' 'view' 'morgan'),13
('abs' 'weekly' 'datasheet' 'international'),13
('xdc' 'xdc' 'x87' 'xdc'),13
('framework' 'credit' 'equity' 'investing'),13
('2014' 'year' 'ahead' '2014'),13
('high' 'grade' 'fund' 'flows'),13
('yield' 'market' 'monitor' 'high'),13
('market' 'early' 'look' 'market'),13
('ahead' 'high' 'yield' 'week'),13
('x81' 'xe7' 'xed' 'xe4'),13
('cross' 'asset' 'volatility' 'strategy'),13
('weekly' 'global' 'fixed' 'income'),12
('xa8' 'xed' 'x8c' 'xed'),12
('us' 'focus' 'list' 'us'),12
('hong' 'kong' 'monthly' 'wrap'),12
('update' 'us' 'fixed' 'income'),12
('china' 'hong' 'kong' 'daily'),12
('us' 'weekly' 'prospects' 'us'),12
('list' 'equity' 'analysts' 'focus'),12
('xed' 'xe4' 'xe6' 'xed'),12
('xe6' 'xed' 'xa2' 'xe4'),12
('asia' 'oil' 'gas' 'asia'),12
('xa2' 'xdc' 'xdc' 'xdc'),12
('fixed' 'income' 'markets' '2012'),12
('european' 'high' 'yield' 'european'),12
('bond' 'index' 'embi' 'global'),12
('xe4' 'xed' 'xe4' 'xed'),12
('xdc' 'x90' 'xdc' 'xdc'),12
('xdc' 'xdc' 'x90' 'xdc'),12
('emerging' 'market' 'currency' 'index'),12
('instrument' 'level' 'composition' 'statistics'),12
('look' 'market' 'jp' 'morgan'),12
('ex' 'japan' 'wrap' 'asia'),12
('bond' 'index' 'jp' 'morgan'),12
('morgan' 'global' 'etf' 'handbook'),12
('strategy' 'emerging' 'markets' 'outlook'),12
('review' 'outlook' 'latin' 'america'),12
('outlook' 'high' 'grade' 'bond'),12
('herd' 'instinct' 'key' 'emerging'),12
('outlook' 'strategy' 'short' 'term'),12
('emerging' 'markets' 'equity' 'strategy'),12
('high' 'yield' 'european' 'high'),12
('high' 'grade' 'bond' 'credit'),12
('xdc' 'xdc' 'xa2' 'xdc'),12
('high' 'yield' 'annual' 'review'),12
('high' 'yield' 'default' 'monitor'),12
('xc8' 'xdc' 'xdc' 'xdc'),12
('outlook' 'strategy' 'global' 'markets'),12
('prime' 'money' 'market' 'fund'),12
('xdc' 'xe9' 'xdc' 'xdc'),12
('xa2' 'xed' 'xe4' 'xed'),12
('equities' 'fair' 'value' 'model'),12
('income' 'regulatory' 'update' 'us'),12
('xe5' 'xdc' 'xdc' 'xdc'),12
('yield' 'leveraged' 'loan' 'morning'),12
('securitized' 'products' 'weekly' 'appendix'),12
('real' 'estate' 'investment' 'trust'),12
('key' 'emerging' 'markets' 'developed'),12
('trading' 'cyclical' 'vs' 'defensive'),12
('global' 'data' 'watch' 'asia'),12
('european' 'credit' 'outlook' 'strategy'),12
('global' 'high' 'yield' 'index'),12
('market' 'early' 'look' 'early'),11
('global' 'markets' 'outlook' 'global'),11
('weekly' 'datasheet' 'international' 'abs'),11
('us' 'equity' 'strategy' 'flash'),11
('international' 'abs' 'cb' 'weekly'),11
('morgan' 'government' 'bond' 'index'),11
('survey' 'treasury' 'client' 'survey'),11
('xdc' 'xbf' 'xdc' 'xc8'),11
('income' 'weekly' 'fixed' 'income'),11
('emerging' 'markets' 'fixed' 'income'),11
('2014' 'global' 'fixed' 'income'),11
('global' 'diversified' 'embi' 'global'),11
('brk' 'brk' 'brk' 'brk'),11
('strategy' 'us' 'fixed' 'income'),11
('equity' 'focus' 'list' 'equity'),11
('systematic' 'strategies' 'across' 'assets'),11
('look' 'early' 'look' 'market'),11
('market' 'jp' 'morgan' 'early'),11
('focus' 'list' 'emerging' 'markets'),11
('asia' 'usd' 'credit' 'market'),11
('cyclical' 'vs' 'defensive' 'equity'),11
('pricing' 'analytics' 'package' 'mbs'),11
('abs' 'cb' 'weekly' 'international'),11
('european' 'equity' 'derivatives' 'weekly'),11
('singapore' 'property' 'monthly' 'wrap'),11
('market' 'bond' 'index' 'monitor'),11
('emerging' 'markets' 'client' 'survey'),11
('markets' 'bond' 'index' 'global'),11
('outlook' 'fixed' 'income' 'markets'),11
('insurance' 'numbers' 'european' 'insurance'),11
('em' 'asia' 'macro' 'strategy'),11
('global' 'diversified' 'investment' 'grade'),11
('jp' 'morgan' 'embi' 'global'),11
('effective' 'exchange' 'rates' 'revised'),11
('high' 'grade' 'bond' 'cds'),11
('xbf' 'xdc' 'xc8' 'xdc'),11
('pmi' 'trading' 'signal' 'using'),11
('defense' 'business' 'jet' 'monthly'),11
('australia' 'new' 'zealand' 'weekly'),11
('agency' 'mbs' 'analytics' 'package'),11
('model' 'us' 'bonds' 'credit'),11
('markets' 'outlook' 'strategy' '2014'),11
('credit' 'market' 'outlook' 'strategy'),11
('101' '2014' 'country' 'handbook'),11
('era' 'central' 'bank' 'driven'),11
('early' 'look' 'market' 'jp'),11
('cb' 'weekly' 'international' 'abs'),11
('global' 'abs' 'cdo' 'global'),11
('client' 'survey' 'treasury' 'client'),11
('brokerage' 'global' 'hedge' 'fund'),11
('embi' 'global' 'embi' 'global'),11
('asset' 'volatility' 'strategy' 'cross'),11
('credit' 'equity' 'investing' 'framework'),11
('xce' 'xb5' 'xce' 'x9f'),11
('index' 'gbi' 'em' 'global'),11
('technology' 'media' 'telecom' 'conference'),11
('xdc' 'xdc' 'xe9' 'xdc'),11
('estimated' 'expanded' 'additional' 'em'),11
('xed' 'xa3' 'xe4' 'xe5'),11
('x8c' 'xc2' 'xed' 'x8c'),11
('us' 'vs' 'euro' 'allocation'),11
('high' 'yield' 'week' 'ahead'),11
('asia' 'pacific' 'equity' 'research'),11
('euro' 'area' 'inflation' 'building'),11
('central' 'bank' 'driven' 'equity'),11
('index' 'monitor' 'emerging' 'markets'),11
('non' 'agency' 'rmbs' 'non'),11
('money' 'market' 'fund' 'holdings'),11
('re' 'estimated' 'expanded' 'additional'),11
('xe4' 'xe5' 'xe4' 'xa2s'),11
('profiting' 'slide' 'commodity' 'curves'),11
('emerging' 'asia' 'regional' 'reference'),11
('xa3' 'xe4' 'xe5' 'xe4'),11
('embi' 'global' 'diversified' 'embi'),11
('us' 'bonds' 'credit' 'equities'),11
('prime' 'brokerage' 'global' 'hedge'),11
('focus' 'list' 'equity' 'analyst'),11
('cross' 'market' 'bond' 'carry'),11
('euro' 'stoxx' '50' 'dividend'),10
('latin' 'america' 'latin' 'america'),10
('mbs' 'pricing' 'analytics' 'mbs'),10
('high' 'yield' 'fund' 'flow'),10
('jpm' 'asia' 'telco' 'investing'),10
('local' 'market' 'bond' 'indices'),10
('term' 'capital' 'market' 'return'),10
('regulatory' 'update' 'us' 'fixed'),10
('us' 'high' 'grade' 'strategy'),10
('xe9' 'xdc' 'xdc' 'xdc'),10
('year' 'ahead' '2014' 'us'),10
('rich' 'cheap' 'signals' 'em'),10
('2014' 'outlook' 'fixed' 'income'),10
('xe4' 'xed' 'x8c' 'xe5'),10
('economic' 'calendar' '2014' 'economic'),10
('datasheet' 'international' 'abs' 'weekly'),10
('analyst' 'focus' 'list' 'european'),10
('great' 'rotation' 'great' 'rotation'),10
('emerging' 'market' 'emerging' 'market'),10
('14' 'early' 'look' '06'),10
('us' 'fixed' 'income' 'us'),10
('markets' 'corporate' 'outlook' 'strategy'),10
('xdc' 'xdc' 'xc1' 'xdc'),10
('x8c' 'xe5' 'xed' 'xa8'),10
('2014' 'global' 'economic' 'outlook'),10
('market' 'impact' 'derivatives' 'hedging'),10
('oil' 'services' 'equipment' 'oil'),10
('xed' 'xa3' 'xa8' 'xe4'),10
('em' 'global' 'gbi' 'em'),10
('asia' 'real' 'estate' 'handbook'),10
('equipment' 'oil' 'services' 'equipment'),10
('debt' 'universe' 'master' 'model'),10
('high' 'yield' 'relative' 'value'),10
('liquidity' 'coverage' 'ratio' 'liquidity'),10
('trading' 'rich' 'cheap' 'signals'),10
('grade' 'bond' 'credit' 'derivative'),10
('equity' 'year' 'ahead' '2014'),10
('default' 'default' 'default' 'default'),10
('strategy' 'short' 'term' 'market'),10
('south' 'africa' 'south' 'africa'),10
('bank' 'america' 'bank' 'america'),10
('iron' 'ore' 'iron' 'ore'),10
('asia' 'pacific' 'equity' 'derivatives'),10
('default' 'monitor' 'high' 'yield'),10
('yield' 'european' 'high' 'yield'),10
('us' 'equity' 'focus' 'list'),10
('daily' 'fx' 'fair' 'value'),10
('cheap' 'signals' 'em' 'sovereigns'),10
('reit' 'public' 'debt' 'covenant'),10
('em' 'client' 'survey' 'em'),10
('global' 'investment' 'bank' 'tracker'),10
('xed' 'x8c' 'xa9' 'xed'),10
('morgan' 'early' 'look' 'jp'),10
('global' 'gbi' 'em' 'global'),10
('analyst' 'focus' 'list' 'high'),10
('intra' 'day' 'trader' '06'),10
('european' 'analyst' 'focus' 'list'),10
('wrap' 'asia' 'pacific' 'ex'),10
('emerging' 'markets' 'corporate' 'weekly'),10
('five' 'questions' 'keep' 'us'),10
('east' 'africa' 'emerging' 'markets'),10
('credit' 'equities' 'fair' 'value'),10
('x8c' 'x9f' 'xed' 'x8c'),10
('ahead' '2014' 'year' 'ahead'),10
('master' 'limited' 'partnerships' 'master'),10
('bond' 'credit' 'derivative' 'market'),10
('pacific' 'ex' 'japan' 'wrap'),10
('xe5' 'xed' 'xa8' 'xed'),10
('economic' 'outlook' 'summary' 'global'),10
('xe4' 'xed' 'x8c' 'xa2'),10
('gbi' 'em' 'global' 'gbi'),10
('asia' 'credit' 'outlook' 'strategy'),10
('weekly' 'update' 'european' 'high'),10
('index' 'jp' 'morgan' 'global'),10
('oil' 'gas' 'primer' 'oil'),10
('introducing' 'daily' 'fx' 'strategy'),10
('flows' 'weekly' 'em' 'fixed'),10
('equity' 'strategy' 'us' 'equity'),10
('xed' 'xa3' 'x8c' 'x81'),10
('real' 'effective' 'exchange' 'rate'),10
('rmbs' 'non' 'agency' 'rmbs'),10
('monitor' 'high' 'yield' 'market'),10
('market' 'outlook' 'strategy' 'credit'),10
('market' 'outlook' 'strategy' 'short'),10
('xe4' 'xe6' 'xed' 'xa2'),10
