us,4737
market,4578
global,4464
china,4246
outlook,3486
2014,3466
index,2929
equity,2801
markets,2583
bank,2486
bond,2261
em,2161
credit,2131
emerging,2119
european,2084
weekly,2064
strategy,1930
high,1905
primer,1866
yield,1754
asia,1582
morgan,1538
fx,1503
oil,1503
rate,1482
2013,1468
income,1431
fixed,1412
xdc,1378
00,1358
data,1335
energy,1318
banks,1282
monthly,1278
japan,1235
daily,1226
xed,1220
investment,1207
model,1202
risk,1170
industry,1157
corporate,1155
jpm,1135
capital,1120
monitor,1116
debt,1098
report,1091
brazil,1087
forecast,1082
sector,1072
asset,1051
fund,1021
xe4,1008
embi,990
economic,989
rates,988
group,981
gas,976
europe,969
cds,949
gdp,942
loan,941
real,931
euro,911
guide,909
growth,893
abs,893
new,885
price,883
handbook,878
uk,852
india,849
insurance,847
update,845
year,838
value,824
bonds,810
inflation,801
mexico,797
jp,791
list,788
focus,783
review,764
x8c,749
retail,742
corp,737
look,725
conference,724
research,721
financial,713
hk,713
trade,709
term,708
volatility,708
spread,701
america,699
trading,693
currency,686
gbi,685
international,674
auto,665
inc,661
property,660
default,656
estate,655
earnings,645
holdings,639
flows,629
non,624
interest,623
korea,623
wrap,623
healthcare,616
analytics,614
survey,601
mbs,597
14,595
treasury,593
valuation,591
fed,583
consumer,580
early,579
swap,572
stock,570
russia,568
services,564
australia,555
local,554
clo,553
mortgage,553
watch,547
strategies,546
power,545
jpmorgan,529
long,527
ecb,527
pmi,525
issuance,520
101,518
latam,518
grade,516
management,512
search,511
coal,511
ahead,508
latin,507
indonesia,502
hy,502
liquidity,491
cross,485
reit,484
view,481
agency,479
flow,478
macro,477
first,473
banking,473
technology,462
sales,462
funds,462
steel,460
usd,457
gold,454
sovereign,446
analyst,446
basis,445
portfolio,442
country,441
american,436
finance,429
housing,428
cap,427
calendar,425
supply,424
government,423
curve,422
derivatives,416
coverage,415
leverage,403
telecom,402
hedge,401
food,399
reform,398
de,398
mining,396
equities,389
exchange,388
performance,387
cash,387
futures,384
world,378
introduction,377
xa2,375
etf,374
short,373
africa,369
diversified,367
home,366
corporation,365
pension,364
south,363
return,362
cmbs,361
singapore,359
asian,359
commodity,359
company,358
life,357
options,357
united,355
initiation,353
cembi,352
call,352
impact,351
10,351
analysis,344
tech,343
central,343
money,343
pricing,341
utilities,340
leveraged,340
rmbs,338
argentina,338
prices,337
share,337
trust,335
health,335
demand,333
jaci,333
emea,332
ratio,331
dividend,330
small,329
xe5,329
basel,328
metals,328
cost,326
top,325
tax,324
spreads,321
products,321
pacific,321
commercial,316
industrial,316
construction,314
dollar,312
vs,311
balance,311
sheet,310
carry,310
manufacturing,310
xce,309
policy,308
key,307
internet,302
allocation,302
total,301
cdx,298
turkey,297
economy,295
media,292
overview,292
taiwan,290
2012,289
loans,289
day,289
malaysia,287
correlation,287
end,285
rating,285
ltd,285
production,283
quarterly,283
area,282
option,281
mid,280
colombia,280
iron,279
limited,278
kong,277
infrastructure,276
book,276
preview,275
factor,274
sa,273
net,271
relative,271
hong,270
mobile,270
software,269
hedging,269
equipment,268
banco,266
foreign,265
economics,265
investor,261
thailand,260
x81,260
back,260
north,259
spain,259
fair,258
emos,258
holding,257
stocks,257
may,256
business,256
national,255
australian,251
roll,250
week,249
chinese,249
care,248
securities,247
summary,246
premium,246
client,245
msci,245
capex,244
private,244
com,242
forecasts,240
indices,240
product,239
xa3,239
companies,238
financials,238
solar,238
paper,237
medical,237
chile,236
cpi,236
investing,234
swaps,234
best,234
momentum,234
ideas,233
natural,233
state,233
municipal,230
recap,230
pharma,230
canada,230
asean,230
resources,229
x8f,228
service,226
annual,226
future,224
eur,223
lending,222
technical,222
ore,221
returns,220
forward,219
embig,218
fiscal,218
repo,218
libor,217
commodities,217
goods,217
plc,217
recovery,215
electric,215
duration,214
ukraine,211
reserve,209
gaming,208
initiating,208
cdo,208
low,207
prime,207
co,206
covered,206
michael,203
composition,202
big,201
rule,201
lng,201
commentary,200
quant,199
crisis,198
developed,197
water,197
one,196
broad,196
reference,196
fomc,196
trends,195
target,195
tracker,194
funding,194
peru,194
volume,193
reits,192
package,191
potential,191
budget,190
exposure,189
master,188
david,188
buy,188
general,188
air,187
note,186
great,186
december,185
rules,184
italy,182
spending,180
online,180
june,180
x8d,179
john,178
russian,178
pharmaceuticals,177
indian,177
land,176
assets,176
quantitative,176
issue,176
trader,176
public,175
time,175
development,174
stress,174
shipping,173
ig,172
export,172
core,171
month,170
regional,170
german,170
july,170
monetary,170
hybrid,169
federal,169
east,169
tier,168
january,167
partners,167
technologies,167
industries,166
september,166
picks,166
brazilian,165
introducing,165
class,165
itraxx,164
morning,163
offshore,163
regulation,163
emu,162
elections,162
election,162
series,162
preferred,162
corporates,162
current,161
states,161
convertible,161
cycle,161
petroleum,160
cable,160
intra,160
auction,159
philippines,159
negative,159
copper,159
spanish,159
historical,158
rotation,158
methodology,157
ag,157
october,157
car,157
securitized,156
chemical,156
13,156
vix,154
framework,153
germany,152
xa8,152
gps,151
deposit,151
cny,151
prepayment,151
merger,150
eu,150
march,150
qe,150
tire,150
iii,150
ftm,150
greece,149
venezuela,148
account,148
xab,148
canadian,148
