('high' 'yield'),1259
('fixed' 'income'),1236
('emerging' 'markets'),1038
('xdc' 'xdc'),636
('real' 'estate'),625
('jp' 'morgan'),623
('emerging' 'market'),574
('focus' 'list'),492
('outlook' '2014'),469
('xed' 'x8c'),463
('early' 'look'),399
('latin' 'america'),384
('data' 'watch'),381
('bond' 'index'),369
('gbi' 'em'),364
('2014' 'outlook'),357
('oil' 'gas'),356
('high' 'grade'),353
('interest' 'rate'),339
('investment' 'strategies'),324
('long' 'term'),323
('monthly' 'wrap'),320
('year' 'ahead'),316
('equity' 'strategy'),311
('us' 'fixed'),288
('income' 'markets'),272
('euro' 'area'),271
('us' 'equity'),267
('hong' 'kong'),250
('outlook' 'strategy'),250
('global' 'data'),249
('fair' 'value'),236
('embi' 'monitor'),234
('embi' 'global'),226
('analyst' 'focus'),223
('leveraged' 'loan'),222
('economic' 'outlook'),221
('non' 'agency'),218
('relative' 'value'),212
('global' 'diversified'),212
('market' 'outlook'),207
('markets' 'outlook'),205
('iron' 'ore'),200
('markets' 'weekly'),198
('xa2' 'xe4'),192
('xed' 'xa2'),191
('first' 'market'),189
('short' 'term'),187
('fund' 'flows'),185
('european' 'high'),181
('south' 'africa'),180
('morgan' 'view'),180
('central' 'bank'),170
('em' 'corporate'),166
('index' 'monitor'),163
('local' 'markets'),163
('xed' 'xe4'),163
('x8c' 'xed'),162
('2014' 'us'),161
('look' 'market'),156
('natural' 'gas'),155
('xe4' 'xe5'),153
('asset' 'allocation'),153
('xe4' 'xed'),151
('corporate' 'bond'),149
('us' 'treasury'),148
('hedge' 'fund'),146
('asia' 'pacific'),146
('em' 'global'),145
('client' 'survey'),142
('government' 'bond'),142
('china' 'property'),140
('money' 'market'),138
('interest' 'rates'),138
('2014' 'global'),136
('investment' 'grade'),135
('cross' 'asset'),135
('fund' 'flow'),134
('small' 'cap'),133
('intra' 'day'),133
('life' 'insurance'),131
('markets' 'bond'),130
('united' 'states'),128
('global' 'fixed'),126
('outlook' 'us'),126
('markets' 'guide'),126
('balance' 'sheet'),125
('xa2' 'xed'),124
('north' 'america'),124
('total' 'return'),124
('day' 'trader'),124
('bond' 'market'),120
('market' 'monitor'),118
('equity' 'derivatives'),118
('14' 'first'),117
('local' 'market'),116
('country' 'handbook'),116
('outlook' 'global'),115
('european' 'banks'),114
('gdp' 'growth'),113
('abs' 'weekly'),113
('em' 'local'),112
('default' 'rate'),111
('new' 'issue'),110
('14' 'intra'),109
('asset' 'class'),108
('14' 'early'),108
('list' 'us'),108
('market' 'share'),108
('x8c' 'xa2'),107
('value' 'model'),106
('xed' 'xa3'),106
('basel' 'iii'),106
('weekly' 'us'),105
('securitized' 'products'),105
('morgan' 'global'),104
('international' 'abs'),103
('risk' 'premium'),101
('asia' 'credit'),101
('ahead' '2014'),100
('covered' 'bond'),100
('us' 'high'),100
('capital' 'goods'),100
('asset' 'management'),99
('outlook' '2013'),99
('xe4' 'x8c'),99
('market' 'bond'),98
('cembi' 'broad'),98
('yield' 'curve'),98
('cross' 'currency'),97
('jpm' 'global'),97
('middle' 'east'),96
('xa8' 'xed'),95
('10' 'year'),95
('leverage' 'ratio'),94
('global' 'economic'),94
('equity' 'risk'),94
('xdc' 'x81'),93
('guide' 'markets'),93
('metals' 'mining'),93
('global' 'equity'),93
('income' 'weekly'),92
('xed' 'xa8'),92
('global' 'markets'),92
('look' 'back'),92
('14' 'recap'),92
('health' 'care'),91
('xe5' 'xed'),90
('developed' 'markets'),90
('puerto' 'rico'),90
('abs' 'cdo'),89
('analytics' 'package'),89
('exchange' 'rate'),89
('index' 'jpm'),88
('agency' 'mbs'),88
('current' 'account'),88
('index' 'global'),87
('healthcare' 'conference'),87
('strategy' 'global'),87
('top' 'picks'),86
('european' 'insurance'),86
('fx' 'strategy'),85
('equity' 'research'),85
('credit' 'market'),85
('market' 'update'),85
('stress' 'test'),85
('conference' 'call'),85
('monetary' 'policy'),84
('retail' 'sales'),84
('bond' 'cds'),84
('equity' 'analyst'),84
('emea' 'em'),83
('global' 'index'),83
('morgan' 'early'),82
('x8c' 'xe5'),82
('income' 'market'),82
('markets' 'corporate'),82
('great' 'rotation'),82
('strategy' 'us'),81
('agency' 'rmbs'),81
('cross' 'market'),80
('manufacturing' 'pmi'),80
('inflation' 'linked'),79
('global' 'pmi'),79
('global' 'fx'),78
('week' 'ahead'),78
('latin' 'american'),78
('near' 'term'),78
('new' 'zealand'),77
('auto' 'sales'),77
('master' 'limited'),77
('credit' 'equity'),77
('risk' 'premia'),76
('treasury' 'client'),75
('shadow' 'banking'),75
('initiating' 'coverage'),75
('model' 'portfolio'),75
('yield' 'bond'),74
('market' 'early'),73
('flows' 'liquidity'),73
('mid' 'year'),73
('cds' 'basis'),73
('em' 'fixed'),73
('analytics' 'search'),73
('index' 'jp'),72
('pension' 'fund'),72
('data' 'query'),71
('economic' 'calendar'),71
('us' 'economic'),70
('mid' 'cap'),70
('pricing' 'analytics'),69
('mbs' 'pricing'),69
('federal' 'reserve'),69
('market' 'intelligence'),69
('credit' 'derivatives'),69
('credit' 'card'),69
('gbi' 'global'),68
('weekly' 'fixed'),68
('commercial' 'real'),68
('bank' 'china'),68
('xe7' 'xed'),68
('equity' 'focus'),68
('credit' 'outlook'),68
('china' 'banks'),68
('strategy' '2014'),67
('research' 'analytics'),67
('etf' 'handbook'),67
('foreign' 'exchange'),67
('private' 'equity'),67
('rate' 'forecast'),67
('weekly' 'market'),66
('jaci' 'daily'),66
('us' 'weekly'),66
('bond' 'issuance'),65
('european' 'equity'),65
('weekly' 'global'),65
('north' 'american'),65
('market' 'wrap'),65
('new' 'york'),65
('strategy' 'weekly'),65
('2014' 'emerging'),65
('xe5' 'x81'),65
('products' 'weekly'),64
('loan' 'index'),64
('outlook' 'european'),63
('us' 'auto'),63
('non' 'bank'),63
('xdc' 'x82'),62
('2014' 'european'),62
('global' 'abs'),62
('corporate' 'bonds'),62
('credit' 'strategy'),62
('us' 'gdp'),62
('price' 'forecast'),62
('backed' 'securities'),62
('daily' 'composition'),62
('default' 'rates'),61
('credit' 'research'),61
('oil' 'price'),61
('jpmorgan' 'com'),61
('x82' 'xdc'),61
('sector' 'china'),61
('market' 'us'),61
('yield' 'market'),60
('index' 'emerging'),60
('supply' 'demand'),60
('oil' 'market'),60
('strategy' 'emerging'),59
('equity' 'market'),59
('yield' 'index'),59
('market' 'guide'),59
('list' 'equity'),59
('em' 'asia'),59
('2014' 'china'),59
('term' 'fair'),59
('xdc' 'xbf'),59
('european' 'credit'),59
('x8c' 'xa3'),59
('small' 'mid'),59
('watch' 'global'),58
('xe4' 'x9d'),58
('european' 'bank'),58
('industry' 'primer'),58
('xa3' 'xed'),58
('xbf' 'xdc'),58
('yield' 'leveraged'),58
('weekly' 'datasheet'),58
('large' 'cap'),57
('basis' 'report'),57
('corporate' 'focus'),57
('cdo' 'weekly'),57
('income' 'outlook'),57
('home' 'price'),57
('oil' 'services'),57
('currency' 'index'),56
('mutual' 'fund'),56
('earnings' 'calendar'),56
('annual' 'review'),56
('student' 'loan'),56
('xc8' 'xdc'),56
('back' 'market'),56
('market' 'weekly'),56
('2013' 'global'),56
('key' 'trades'),56
('monitor' 'emerging'),55
('loan' 'market'),55
('banking' 'sector'),55
('european' 'abs'),55
('bank' 'capital'),55
('effective' 'exchange'),55
('bond' 'futures'),55
('xa3' 'xa8'),54
('october' '2013'),54
('2013' 'outlook'),54
('view' 'morgan'),54
('december' '2013'),54
('big' 'data'),53
('dodd' 'frank'),53
('2013' 'us'),53
('outlook' 'latin'),53
('ex' 'japan'),53
('flows' 'weekly'),53
('debt' 'ceiling'),53
('us' 'corporate'),53
('industrial' 'production'),53
('industry' 'outlook'),53
('markets' 'strategy'),52
('monitor' 'high'),52
('euro' 'stoxx'),52
('index' 'jpmorgan'),52
('china' 'shadow'),52
('aerospace' 'defense'),52
('south' 'korea'),52
('municipal' 'bond'),52
('daily' 'analytics'),51
('weekly' 'prospects'),51
('equity' 'outlook'),51
('europe' 'equity'),51
('asset' 'swap'),51
('world' 'cup'),51
('2014' 'year'),51
('global' 'oil'),51
('global' 'coal'),51
('em' 'bond'),51
('grade' 'bond'),51
('housing' 'market'),51
('investment' 'strategy'),51
('markets' 'index'),50
('fx' 'daily'),50
('month' 'end'),50
('capital' 'market'),50
('xdc' 'xc8'),50
('us' 'ftm'),49
('2014' 'embi'),49
('june' '2014'),49
('asset' 'backed'),49
('rock' 'bottom'),49
('xe4' 'xe4'),49
('search' 'research'),49
('cap' 'banks'),49
('currency' 'basis'),49
('forecast' 'us'),49
('market' 'china'),49
('market' 'global'),48
('yield' 'fund'),48
('xe5' 'xe4'),48
('floating' 'rate'),48
('aircraft' 'leasing'),48
('outlook' 'high'),48
('calendar' '2014'),48
('covered' 'bonds'),48
('pmi' 'global'),48
('local' 'currency'),48
('risk' 'factor'),48
('2013' 'embi'),48
('weekly' 'monitor'),47
('monitor' 'embi'),47
('daily' 'fx'),47
('coca' 'cola'),47
('china' 'monthly'),47
('key' 'currency'),47
('outlook' 'china'),47
('yield' 'default'),47
('gdp' 'forecast'),47
('co' 'ltd'),47
('quantitative' 'easing'),47
('x81' 'xe7'),47
('exchange' 'rates'),47
('morgan' 'emerging'),47
('swap' 'spread'),46
('global' 'bond'),46
('wealth' 'management'),46
('trade' 'ideas'),46
('clo' 'equity'),46
('book' 'questions'),46
('capital' 'structure'),46
('emerging' 'asia'),46
('global' 'investment'),46
('equity' 'markets'),46
('commercial' 'paper'),46
('investment' 'bank'),45
('index' 'gbi'),45
('banking' 'china'),45
('jpm' 'emu'),45
('review' '2013'),45
('cash' 'flow'),45
('labor' 'market'),44
('market' 'debt'),44
('outlook' 'emerging'),44
('bank' 'lending'),44
('weekly' 'em'),44
('capital' 'markets'),44
('november' '2013'),44
('pension' 'funds'),44
('weekly' 'update'),44
('broad' 'diversified'),44
('may' '2014'),44
('daily' 'economic'),43
('limited' 'partnerships'),43
('em' 'index'),43
('hawk' 'dove'),43
('valuation' 'sheet'),43
('hedge' 'funds'),43
('property' 'monthly'),43
('corporate' 'weekly'),43
('rich' 'cheap'),43
('economic' 'research'),43
('market' 'snapshot'),43
('look' 'early'),43
('forecast' '2014'),43
('food' 'retail'),43
('strategies' 'investment'),43
('group' 'inc'),43
('global' 'market'),43
('investor' 'survey'),43
('leverage' 'loan'),42
('jpm' 'gbi'),42
('south' 'african'),42
('flow' 'funds'),42
('futures' 'options'),42
('xa3' 'xe4'),42
('default' 'monitor'),42
('2014' 'economic'),42
('emea' 'market'),42
('potential' 'growth'),42
('taylor' 'rule'),42
('regulatory' 'update'),42
('rate' 'hike'),42
('shale' 'gas'),42
('systematic' 'strategies'),41
('non' 'performing'),41
('index' 'embi'),41
('xa3' 'xdc'),41
('reverse' 'repo'),41
('sovereign' 'debt'),41
('diversified' 'index'),41
('em' 'fx'),41
('markets' '2014'),41
('income' 'regulatory'),41
('corporate' 'debt'),40
('us' 'housing'),40
('xce' 'x8f'),40
('2014' 'asia'),40
('bank' 'loan'),40
('credit' 'index'),40
('morgan' 'healthcare'),40
('abs' 'cb'),40
('asset' 'managers'),40
('macro' 'hedge'),40
('market' 'fund'),40
('global' 'outlook'),40
('mortgage' 'backed'),40
('external' 'debt'),40
('greater' 'china'),40
('markets' 'debt'),40
('sector' 'outlook'),40
('market' 'size'),40
('february' '2014'),40
('equity' 'index'),40
('model' 'us'),40
('cds' 'index'),40
('supply' 'chain'),40
('report' 'global'),40
('us' 'banks'),40
('xa2' 'xdc'),39
('china' 'gdp'),39
('year' 'end'),39
('prime' 'money'),39
('strategy' 'dashboard'),39
('global' 'manufacturing'),39
('handbook' '2014'),39
('global' 'lng'),39
('fed' 'funds'),39
('flows' 'em'),39
('developed' 'market'),39
('bond' 'fund'),39
('best' 'equity'),39
('income' 'strategy'),39
('global' 'etf'),39
('global' 'high'),39
